{
 "generatedAt": "2026-07-23T08:19:09.509Z",
 "byReceiver": {
  "subcfcaGG2VXuLoLjuHMCj4aeLPTFBtGUvTahGc6zLrsMSNVo": 44192,
  "sucXYcTxVFquB7QETwQxqnMwupEnrSR343YrVkFzygZks1A7n": 200000,
  "sudMBfKcZu7yfKJGWkojHGJEemAj3fmER4Gn7USTXZ7F9UrGH": 35660.234876281196,
  "sudqZuGgMfWd9DTFRv2odTqzTqUVuvGUqAkXrT1m8MqH9Ppdp": 48074.21267366298,
  "suc8PxJuhzqcGfjKgU21mc7YkYLGhwMPUF8tQDyVqooDTojkh": 11570.55865863965,
  "sueNb5VCFrG542rRbKyxyehphPBSCzJDp2zz5AiDpnTr9Lamk": 260062.69936430908
 },
 "totals": {
  "receivers": 30,
  "staking": 6,
  "stakedAI3": 599559.7055728929,
  "xdmToConsensusAI3": 16125974.8039755
 }
}