{
 "generatedAt": "2026-07-22T09:47:53.127Z",
 "byReceiver": {
  "subcfcaGG2VXuLoLjuHMCj4aeLPTFBtGUvTahGc6zLrsMSNVo": 44192,
  "sucXYcTxVFquB7QETwQxqnMwupEnrSR343YrVkFzygZks1A7n": 200000,
  "sudMBfKcZu7yfKJGWkojHGJEemAj3fmER4Gn7USTXZ7F9UrGH": 35644.16053672739,
  "sudqZuGgMfWd9DTFRv2odTqzTqUVuvGUqAkXrT1m8MqH9Ppdp": 48051.986220350474,
  "suc8PxJuhzqcGfjKgU21mc7YkYLGhwMPUF8tQDyVqooDTojkh": 11567.72612874395,
  "sueNb5VCFrG542rRbKyxyehphPBSCzJDp2zz5AiDpnTr9Lamk": 260049.8820293054
 },
 "totals": {
  "receivers": 30,
  "staking": 6,
  "stakedAI3": 599505.7549151273,
  "xdmToConsensusAI3": 16125974.8039755
 }
}